1,2,Visakhapatnam,2025-07-04 12:45:39+05:30
2,2,Vijayawada,2025-07-04 12:45:39+05:30
3,2,Guntur,2025-07-04 12:45:39+05:30
4,2,Nellore,2025-07-04 12:45:39+05:30
5,2,Kurnool,2025-07-04 12:45:39+05:30
6,2,Rajahmundry,2025-07-04 12:45:39+05:30
7,2,Kakinada,2025-07-04 12:45:39+05:30
8,2,Tirupati,2025-07-04 12:45:39+05:30
9,2,Anantapur,2025-07-04 12:45:39+05:30
10,2,Kadapa,2025-07-04 12:45:39+05:30
11,2,Vizianagaram,2025-07-04 12:45:39+05:30
12,2,Eluru,2025-07-04 12:45:39+05:30
13,2,Ongole,2025-07-04 12:45:39+05:30
14,2,Nandyal,2025-07-04 12:45:39+05:30
15,2,Machilipatnam,2025-07-04 12:45:39+05:30
16,2,Adoni,2025-07-04 12:45:39+05:30
17,2,Tenali,2025-07-04 12:45:39+05:30
18,2,Chittoor,2025-07-04 12:45:39+05:30
19,2,Hindupur,2025-07-04 12:45:39+05:30
20,2,Proddatur,2025-07-04 12:45:39+05:30
21,2,Bhimavaram,2025-07-04 12:45:39+05:30
22,2,Madanapalle,2025-07-04 12:45:39+05:30
23,2,Guntakal,2025-07-04 12:45:40+05:30
24,2,Dharmavaram,2025-07-04 12:45:40+05:30
25,2,Gudivada,2025-07-04 12:45:40+05:30
26,2,Srikakulam,2025-07-04 12:45:40+05:30
27,2,Narasaraopet,2025-07-04 12:45:40+05:30
28,2,Rajampet,2025-07-04 12:45:40+05:30
29,2,Tadpatri,2025-07-04 12:45:40+05:30
30,2,Tadepalligudem,2025-07-04 12:45:40+05:30
31,2,Chilakaluripet,2025-07-04 12:45:40+05:30
32,2,Yemmiganur,2025-07-04 12:45:40+05:30
33,2,Kadiri,2025-07-04 12:45:40+05:30
34,2,Chirala,2025-07-04 12:45:40+05:30
35,2,Anakapalle,2025-07-04 12:45:40+05:30
36,2,Kavali,2025-07-04 12:45:40+05:30
37,2,Palacole,2025-07-04 12:45:40+05:30
38,2,Sullurpeta,2025-07-04 12:45:40+05:30
39,2,Tanuku,2025-07-04 12:45:40+05:30
40,2,Rayachoti,2025-07-04 12:45:40+05:30
41,2,Srikalahasti,2025-07-04 12:45:40+05:30
42,2,Bapatla,2025-07-04 12:45:40+05:30
43,2,Naidupet,2025-07-04 12:45:40+05:30
44,2,Nagari,2025-07-04 12:45:40+05:30
45,2,Gudur,2025-07-04 12:45:40+05:30
46,2,Vinukonda,2025-07-04 12:45:40+05:30
47,2,Narasapuram,2025-07-04 12:45:40+05:30
48,2,Nuzvid,2025-07-04 12:45:40+05:30
49,2,Markapur,2025-07-04 12:45:40+05:30
50,2,Ponnur,2025-07-04 12:45:40+05:30
51,2,Kandukur,2025-07-04 12:45:40+05:30
52,2,Bobbili,2025-07-04 12:45:40+05:30
53,2,Rayadurg,2025-07-04 12:45:40+05:30
54,2,Samalkot,2025-07-04 12:45:40+05:30
55,2,Jaggaiahpet,2025-07-04 12:45:40+05:30
56,2,Tuni,2025-07-04 12:45:40+05:30
57,2,Amalapuram,2025-07-04 12:45:40+05:30
58,2,Bheemunipatnam,2025-07-04 12:45:40+05:30
59,2,Venkatagiri,2025-07-04 12:45:40+05:30
60,2,Sattenapalle,2025-07-04 12:45:40+05:30
61,2,Pithapuram,2025-07-04 12:45:40+05:30
62,2,Palasa Kasibugga,2025-07-04 12:45:40+05:30
63,2,Parvathipuram,2025-07-04 12:45:40+05:30
64,2,Macherla,2025-07-04 12:45:40+05:30
65,2,Gooty,2025-07-04 12:45:40+05:30
66,2,Salur,2025-07-04 12:45:40+05:30
67,2,Mandapeta,2025-07-04 12:45:40+05:30
68,2,Jammalamadugu,2025-07-04 12:45:40+05:30
69,2,Peddapuram,2025-07-04 12:45:40+05:30
70,2,Punganur,2025-07-04 12:45:40+05:30
71,2,Nidadavole,2025-07-04 12:45:40+05:30
72,2,Repalle,2025-07-04 12:45:40+05:30
73,2,Ramachandrapuram,2025-07-04 12:45:40+05:30
74,2,Kovvur,2025-07-04 12:45:40+05:30
75,2,Tiruvuru,2025-07-04 12:45:40+05:30
76,2,Uravakonda,2025-07-04 12:45:40+05:30
77,2,Narsipatnam,2025-07-04 12:45:40+05:30
78,2,Yerraguntla,2025-07-04 12:45:40+05:30
79,2,Pedana,2025-07-04 12:45:40+05:30
80,2,Puttur,2025-07-04 12:45:40+05:30
81,2,Renigunta,2025-07-04 12:45:40+05:30
82,2,Rajam,2025-07-04 12:45:40+05:30
83,2,Srisailam Project (Right Flank Colony) Township,2025-07-04 12:45:40+05:30
84,4,Naharlagun,2025-07-04 12:47:24+05:30
85,4,Pasighat,2025-07-04 12:47:24+05:30
86,5,Guwahati,2025-07-04 12:49:16+05:30
87,5,Silchar,2025-07-04 12:49:16+05:30
88,5,Dibrugarh,2025-07-04 12:49:16+05:30
89,5,Nagaon,2025-07-04 12:49:16+05:30
90,5,Tinsukia,2025-07-04 12:49:16+05:30
91,5,Jorhat,2025-07-04 12:49:16+05:30
92,5,Bongaigaon City,2025-07-04 12:49:16+05:30
93,5,Dhubri,2025-07-04 12:49:16+05:30
94,5,Diphu,2025-07-04 12:49:16+05:30
95,5,North Lakhimpur,2025-07-04 12:49:16+05:30
96,5,Tezpur,2025-07-04 12:49:16+05:30
97,5,Karimganj,2025-07-04 12:49:16+05:30
98,5,Sibsagar,2025-07-04 12:49:16+05:30
99,5,Goalpara,2025-07-04 12:49:16+05:30
100,5,Barpeta,2025-07-04 12:49:16+05:30
101,5,Lanka,2025-07-04 12:49:16+05:30
102,5,Lumding,2025-07-04 12:49:16+05:30
103,5,Mankachar,2025-07-04 12:49:16+05:30
104,5,Nalbari,2025-07-04 12:49:16+05:30
105,5,Rangia,2025-07-04 12:49:16+05:30
106,5,Margherita,2025-07-04 12:49:16+05:30
107,5,Mangaldoi,2025-07-04 12:49:16+05:30
108,5,Silapathar,2025-07-04 12:49:16+05:30
109,5,Mariani,2025-07-04 12:49:16+05:30
110,5,Marigaon,2025-07-04 12:49:16+05:30
111,6,Patna,2025-07-04 12:50:25+05:30
112,6,Gaya,2025-07-04 12:50:25+05:30
113,6,Bhagalpur,2025-07-04 12:50:25+05:30
114,6,Muzaffarpur,2025-07-04 12:50:25+05:30
115,6,Darbhanga,2025-07-04 12:50:25+05:30
116,6,Arrah,2025-07-04 12:50:25+05:30
117,6,Begusarai,2025-07-04 12:50:25+05:30
118,6,Chhapra,2025-07-04 12:50:25+05:30
119,6,Katihar,2025-07-04 12:50:25+05:30
120,6,Munger,2025-07-04 12:50:25+05:30
121,6,Purnia,2025-07-04 12:50:25+05:30
122,6,Saharsa,2025-07-04 12:50:25+05:30
123,6,Sasaram,2025-07-04 12:50:25+05:30
124,6,Hajipur,2025-07-04 12:50:25+05:30
125,6,Dehri-on-Sone,2025-07-04 12:50:25+05:30
126,6,Bettiah,2025-07-04 12:50:25+05:30
127,6,Motihari,2025-07-04 12:50:25+05:30
128,6,Bagaha,2025-07-04 12:50:25+05:30
129,6,Siwan,2025-07-04 12:50:25+05:30
130,6,Kishanganj,2025-07-04 12:50:25+05:30
131,6,Jamalpur,2025-07-04 12:50:25+05:30
132,6,Buxar,2025-07-04 12:50:25+05:30
133,6,Jehanabad,2025-07-04 12:50:25+05:30
134,6,Aurangabad,2025-07-04 12:50:25+05:30
135,6,Lakhisarai,2025-07-04 12:50:25+05:30
136,6,Nawada,2025-07-04 12:50:25+05:30
137,6,Jamui,2025-07-04 12:50:26+05:30
138,6,Sitamarhi,2025-07-04 12:50:26+05:30
139,6,Araria,2025-07-04 12:50:26+05:30
140,6,Gopalganj,2025-07-04 12:50:26+05:30
141,6,Madhubani,2025-07-04 12:50:26+05:30
142,6,Masaurhi,2025-07-04 12:50:26+05:30
143,6,Samastipur,2025-07-04 12:50:26+05:30
144,6,Mokameh,2025-07-04 12:50:26+05:30
145,6,Supaul,2025-07-04 12:50:26+05:30
146,6,Dumraon,2025-07-04 12:50:26+05:30
147,6,Arwal,2025-07-04 12:50:26+05:30
148,6,Forbesganj,2025-07-04 12:50:26+05:30
149,6,BhabUrban Agglomeration,2025-07-04 12:50:26+05:30
150,6,Narkatiaganj,2025-07-04 12:50:26+05:30
151,6,Naugachhia,2025-07-04 12:50:26+05:30
152,6,Madhepura,2025-07-04 12:50:26+05:30
153,6,Sheikhpura,2025-07-04 12:50:26+05:30
154,6,Sultanganj,2025-07-04 12:50:26+05:30
155,6,Raxaul Bazar,2025-07-04 12:50:26+05:30
156,6,Ramnagar,2025-07-04 12:50:26+05:30
157,6,Mahnar Bazar,2025-07-04 12:50:26+05:30
158,6,Warisaliganj,2025-07-04 12:50:26+05:30
159,6,Revelganj,2025-07-04 12:50:26+05:30
160,6,Rajgir,2025-07-04 12:50:26+05:30
161,6,Sonepur,2025-07-04 12:50:26+05:30
162,6,Sherghati,2025-07-04 12:50:26+05:30
163,6,Sugauli,2025-07-04 12:50:26+05:30
164,6,Makhdumpur,2025-07-04 12:50:26+05:30
165,6,Maner,2025-07-04 12:50:26+05:30
166,6,Rosera,2025-07-04 12:50:26+05:30
167,6,Nokha,2025-07-04 12:50:26+05:30
168,6,Piro,2025-07-04 12:50:26+05:30
169,6,Rafiganj,2025-07-04 12:50:26+05:30
170,6,Marhaura,2025-07-04 12:50:26+05:30
171,6,Mirganj,2025-07-04 12:50:26+05:30
172,6,Lalganj,2025-07-04 12:50:26+05:30
173,6,Murliganj,2025-07-04 12:50:26+05:30
174,6,Motipur,2025-07-04 12:50:26+05:30
175,6,Manihari,2025-07-04 12:50:26+05:30
176,6,Sheohar,2025-07-04 12:50:26+05:30
177,6,Maharajganj,2025-07-04 12:50:26+05:30
178,6,Silao,2025-07-04 12:50:26+05:30
179,6,Barh,2025-07-04 12:50:26+05:30
180,6,Asarganj,2025-07-04 12:50:26+05:30
181,8,Raipur,2025-07-04 12:52:04+05:30
182,8,Bhilai Nagar,2025-07-04 12:52:05+05:30
183,8,Korba,2025-07-04 12:52:05+05:30
184,8,Bilaspur,2025-07-04 12:52:05+05:30
185,8,Durg,2025-07-04 12:52:05+05:30
186,8,Rajnandgaon,2025-07-04 12:52:05+05:30
187,8,Jagdalpur,2025-07-04 12:52:05+05:30
188,8,Raigarh,2025-07-04 12:52:05+05:30
189,8,Ambikapur,2025-07-04 12:52:05+05:30
190,8,Mahasamund,2025-07-04 12:52:05+05:30
191,8,Dhamtari,2025-07-04 12:52:05+05:30
192,8,Chirmiri,2025-07-04 12:52:05+05:30
193,8,Bhatapara,2025-07-04 12:52:05+05:30
194,8,Dalli-Rajhara,2025-07-04 12:52:05+05:30
195,8,Naila Janjgir,2025-07-04 12:52:05+05:30
196,8,Tilda Newra,2025-07-04 12:52:05+05:30
197,8,Mungeli,2025-07-04 12:52:05+05:30
198,8,Manendragarh,2025-07-04 12:52:05+05:30
199,8,Sakti,2025-07-04 12:52:05+05:30
200,11,Delhi,2025-07-04 12:53:29+05:30
201,11,New Delhi,2025-07-04 12:53:29+05:30
202,12,Marmagao,2025-07-04 12:54:05+05:30
203,12,Panaji,2025-07-04 12:54:05+05:30
204,12,Margao,2025-07-04 12:54:05+05:30
205,12,Mapusa,2025-07-04 12:54:05+05:30
206,13,Ahmedabad,2025-07-04 13:03:37+05:30
207,13,Surat,2025-07-04 13:03:37+05:30
208,13,Vadodara,2025-07-04 13:03:37+05:30
209,13,Rajkot,2025-07-04 13:03:37+05:30
210,13,Bhavnagar,2025-07-04 13:03:37+05:30
211,13,Jamnagar,2025-07-04 13:03:37+05:30
212,13,Nadiad,2025-07-04 13:03:37+05:30
213,13,Porbandar,2025-07-04 13:03:37+05:30
214,13,Anand,2025-07-04 13:03:37+05:30
215,13,Morvi,2025-07-04 13:03:37+05:30
216,13,Mahesana,2025-07-04 13:03:37+05:30
217,13,Bharuch,2025-07-04 13:03:37+05:30
218,13,Vapi,2025-07-04 13:03:37+05:30
219,13,Navsari,2025-07-04 13:03:37+05:30
220,13,Veraval,2025-07-04 13:03:37+05:30
221,13,Bhuj,2025-07-04 13:03:37+05:30
222,13,Godhra,2025-07-04 13:03:37+05:30
223,13,Palanpur,2025-07-04 13:03:37+05:30
224,13,Valsad,2025-07-04 13:03:37+05:30
225,13,Patan,2025-07-04 13:03:37+05:30
226,13,Deesa,2025-07-04 13:03:37+05:30
227,13,Amreli,2025-07-04 13:03:37+05:30
228,13,Anjar,2025-07-04 13:03:37+05:30
229,13,Dhoraji,2025-07-04 13:03:37+05:30
230,13,Khambhat,2025-07-04 13:03:37+05:30
231,13,Mahuva,2025-07-04 13:03:37+05:30
232,13,Keshod,2025-07-04 13:03:37+05:30
233,13,Wadhwan,2025-07-04 13:03:37+05:30
234,13,Ankleshwar,2025-07-04 13:03:37+05:30
235,13,Savarkundla,2025-07-04 13:03:37+05:30
236,13,Kadi,2025-07-04 13:03:37+05:30
237,13,Visnagar,2025-07-04 13:03:37+05:30
238,13,Upleta,2025-07-04 13:03:37+05:30
239,13,Una,2025-07-04 13:03:37+05:30
240,13,Sidhpur,2025-07-04 13:03:37+05:30
241,13,Unjha,2025-07-04 13:03:37+05:30
242,13,Mangrol,2025-07-04 13:03:37+05:30
243,13,Viramgam,2025-07-04 13:03:37+05:30
244,13,Modasa,2025-07-04 13:03:37+05:30
245,13,Palitana,2025-07-04 13:03:37+05:30
246,13,Petlad,2025-07-04 13:03:37+05:30
247,13,Kapadvanj,2025-07-04 13:03:37+05:30
248,13,Sihor,2025-07-04 13:03:37+05:30
249,13,Wankaner,2025-07-04 13:03:37+05:30
250,13,Limbdi,2025-07-04 13:03:37+05:30
251,13,Mandvi,2025-07-04 13:03:37+05:30
252,13,Thangadh,2025-07-04 13:03:37+05:30
253,13,Vyara,2025-07-04 13:03:37+05:30
254,13,Padra,2025-07-04 13:03:37+05:30
255,13,Lunawada,2025-07-04 13:03:37+05:30
256,13,Rajpipla,2025-07-04 13:03:37+05:30
257,13,Vapi,2025-07-04 13:03:37+05:30
258,13,Umreth,2025-07-04 13:03:37+05:30
259,13,Sanand,2025-07-04 13:03:37+05:30
260,13,Rajula,2025-07-04 13:03:37+05:30
261,13,Radhanpur,2025-07-04 13:03:37+05:30
262,13,Mahemdabad,2025-07-04 13:03:37+05:30
263,13,Ranavav,2025-07-04 13:03:37+05:30
264,13,Tharad,2025-07-04 13:03:37+05:30
265,13,Mansa,2025-07-04 13:03:37+05:30
266,13,Umbergaon,2025-07-04 13:03:37+05:30
267,13,Talaja,2025-07-04 13:03:37+05:30
268,13,Vadnagar,2025-07-04 13:03:37+05:30
269,13,Manavadar,2025-07-04 13:03:37+05:30
270,13,Salaya,2025-07-04 13:03:37+05:30
271,13,Vijapur,2025-07-04 13:03:38+05:30
272,13,Pardi,2025-07-04 13:03:38+05:30
273,13,Rapar,2025-07-04 13:03:38+05:30
274,13,Songadh,2025-07-04 13:03:38+05:30
275,13,Lathi,2025-07-04 13:03:38+05:30
276,13,Adalaj,2025-07-04 13:03:38+05:30
277,13,Chhapra,2025-07-04 13:03:38+05:30
278,14,Faridabad,2025-07-04 13:04:19+05:30
279,14,Gurgaon,2025-07-04 13:04:19+05:30
280,14,Hisar,2025-07-04 13:04:19+05:30
281,14,Rohtak,2025-07-04 13:04:19+05:30
282,14,Panipat,2025-07-04 13:04:19+05:30
283,14,Karnal,2025-07-04 13:04:19+05:30
284,14,Sonipat,2025-07-04 13:04:19+05:30
285,14,Yamunanagar,2025-07-04 13:04:19+05:30
286,14,Panchkula,2025-07-04 13:04:19+05:30
287,14,Bhiwani,2025-07-04 13:04:19+05:30
288,14,Bahadurgarh,2025-07-04 13:04:19+05:30
289,14,Jind,2025-07-04 13:04:19+05:30
290,14,Sirsa,2025-07-04 13:04:19+05:30
291,14,Thanesar,2025-07-04 13:04:19+05:30
292,14,Kaithal,2025-07-04 13:04:19+05:30
293,14,Palwal,2025-07-04 13:04:19+05:30
294,14,Rewari,2025-07-04 13:04:19+05:30
295,14,Hansi,2025-07-04 13:04:19+05:30
296,14,Narnaul,2025-07-04 13:04:19+05:30
297,14,Fatehabad,2025-07-04 13:04:19+05:30
298,14,Gohana,2025-07-04 13:04:19+05:30
299,14,Tohana,2025-07-04 13:04:19+05:30
300,14,Narwana,2025-07-04 13:04:19+05:30
301,14,Mandi Dabwali,2025-07-04 13:04:19+05:30
302,14,Charkhi Dadri,2025-07-04 13:04:19+05:30
303,14,Shahbad,2025-07-04 13:04:19+05:30
304,14,Pehowa,2025-07-04 13:04:19+05:30
305,14,Samalkha,2025-07-04 13:04:19+05:30
306,14,Pinjore,2025-07-04 13:04:19+05:30
307,14,Ladwa,2025-07-04 13:04:19+05:30
308,14,Sohna,2025-07-04 13:04:19+05:30
309,14,Safidon,2025-07-04 13:04:19+05:30
310,14,Taraori,2025-07-04 13:04:20+05:30
311,14,Mahendragarh,2025-07-04 13:04:20+05:30
312,14,Ratia,2025-07-04 13:04:20+05:30
313,14,Rania,2025-07-04 13:04:20+05:30
314,14,Sarsod,2025-07-04 13:04:20+05:30
315,15,Shimla,2025-07-04 13:05:15+05:30
316,15,Mandi,2025-07-04 13:05:15+05:30
317,15,Solan,2025-07-04 13:05:15+05:30
318,15,Nahan,2025-07-04 13:05:15+05:30
319,15,Sundarnagar,2025-07-04 13:05:15+05:30
320,15,Palampur,2025-07-04 13:05:15+05:30
321,16,Srinagar,2025-07-04 13:05:49+05:30
322,16,Jammu,2025-07-04 13:05:49+05:30
323,16,Baramula,2025-07-04 13:05:49+05:30
324,16,Anantnag,2025-07-04 13:05:49+05:30
325,16,Sopore,2025-07-04 13:05:49+05:30
326,16,KathUrban Agglomeration,2025-07-04 13:05:49+05:30
327,16,Rajauri,2025-07-04 13:05:49+05:30
328,16,Punch,2025-07-04 13:05:49+05:30
329,16,Udhampur,2025-07-04 13:05:49+05:30
330,17,Dhanbad,2025-07-04 13:06:29+05:30
331,17,Ranchi,2025-07-04 13:06:29+05:30
332,17,Jamshedpur,2025-07-04 13:06:29+05:30
333,17,Bokaro Steel City,2025-07-04 13:06:29+05:30
334,17,Deoghar,2025-07-04 13:06:29+05:30
335,17,Phusro,2025-07-04 13:06:29+05:30
336,17,Adityapur,2025-07-04 13:06:29+05:30
337,17,Hazaribag,2025-07-04 13:06:29+05:30
338,17,Giridih,2025-07-04 13:06:29+05:30
339,17,Ramgarh,2025-07-04 13:06:29+05:30
340,17,Jhumri Tilaiya,2025-07-04 13:06:29+05:30
341,17,Saunda,2025-07-04 13:06:29+05:30
342,17,Sahibganj,2025-07-04 13:06:29+05:30
343,17,Medininagar (Daltonganj),2025-07-04 13:06:29+05:30
344,17,Chaibasa,2025-07-04 13:06:29+05:30
345,17,Chatra,2025-07-04 13:06:29+05:30
346,17,Gumia,2025-07-04 13:06:29+05:30
347,17,Dumka,2025-07-04 13:06:29+05:30
348,17,Madhupur,2025-07-04 13:06:29+05:30
349,17,Chirkunda,2025-07-04 13:06:29+05:30
350,17,Pakaur,2025-07-04 13:06:29+05:30
351,17,Simdega,2025-07-04 13:06:29+05:30
352,17,Musabani,2025-07-04 13:06:29+05:30
353,17,Mihijam,2025-07-04 13:06:29+05:30
354,17,Patratu,2025-07-04 13:06:29+05:30
355,17,Lohardaga,2025-07-04 13:06:29+05:30
356,17,Tenu dam-cum-Kathhara,2025-07-04 13:06:29+05:30
357,18,Bengaluru,2025-07-04 13:07:33+05:30
358,18,Hubli-Dharwad,2025-07-04 13:07:34+05:30
359,18,Belagavi,2025-07-04 13:07:34+05:30
360,18,Mangaluru,2025-07-04 13:07:34+05:30
361,18,Davanagere,2025-07-04 13:07:34+05:30
362,18,Ballari,2025-07-04 13:07:34+05:30
363,18,Tumkur,2025-07-04 13:07:34+05:30
364,18,Shivamogga,2025-07-04 13:07:34+05:30
365,18,Raayachuru,2025-07-04 13:07:34+05:30
366,18,Robertson Pet,2025-07-04 13:07:34+05:30
367,18,Kolar,2025-07-04 13:07:34+05:30
368,18,Mandya,2025-07-04 13:07:34+05:30
369,18,Udupi,2025-07-04 13:07:34+05:30
370,18,Chikkamagaluru,2025-07-04 13:07:34+05:30
371,18,Karwar,2025-07-04 13:07:34+05:30
372,18,Ranebennuru,2025-07-04 13:07:34+05:30
373,18,Ranibennur,2025-07-04 13:07:34+05:30
374,18,Ramanagaram,2025-07-04 13:07:34+05:30
375,18,Gokak,2025-07-04 13:07:34+05:30
376,18,Yadgir,2025-07-04 13:07:34+05:30
377,18,Rabkavi Banhatti,2025-07-04 13:07:34+05:30
378,18,Shahabad,2025-07-04 13:07:34+05:30
379,18,Sirsi,2025-07-04 13:07:34+05:30
380,18,Sindhnur,2025-07-04 13:07:34+05:30
381,18,Tiptur,2025-07-04 13:07:34+05:30
382,18,Arsikere,2025-07-04 13:07:34+05:30
383,18,Nanjangud,2025-07-04 13:07:34+05:30
384,18,Sagara,2025-07-04 13:07:34+05:30
385,18,Sira,2025-07-04 13:07:34+05:30
386,18,Puttur,2025-07-04 13:07:34+05:30
387,18,Athni,2025-07-04 13:07:34+05:30
388,18,Mulbagal,2025-07-04 13:07:34+05:30
389,18,Surapura,2025-07-04 13:07:34+05:30
390,18,Siruguppa,2025-07-04 13:07:34+05:30
391,18,Mudhol,2025-07-04 13:07:34+05:30
392,18,Sidlaghatta,2025-07-04 13:07:34+05:30
393,18,Shahpur,2025-07-04 13:07:34+05:30
394,18,Saundatti-Yellamma,2025-07-04 13:07:34+05:30
395,18,Wadi,2025-07-04 13:07:34+05:30
396,18,Manvi,2025-07-04 13:07:34+05:30
397,18,Nelamangala,2025-07-04 13:07:34+05:30
398,18,Lakshmeshwar,2025-07-04 13:07:34+05:30
399,18,Ramdurg,2025-07-04 13:07:34+05:30
400,18,Nargund,2025-07-04 13:07:34+05:30
401,18,Tarikere,2025-07-04 13:07:34+05:30
402,18,Malavalli,2025-07-04 13:07:34+05:30
403,18,Savanur,2025-07-04 13:07:34+05:30
404,18,Lingsugur,2025-07-04 13:07:34+05:30
405,18,Vijayapura,2025-07-04 13:07:34+05:30
406,18,Sankeshwara,2025-07-04 13:07:34+05:30
407,18,Madikeri,2025-07-04 13:07:34+05:30
408,18,Talikota,2025-07-04 13:07:34+05:30
409,18,Sedam,2025-07-04 13:07:34+05:30
410,18,Shikaripur,2025-07-04 13:07:34+05:30
411,18,Mahalingapura,2025-07-04 13:07:34+05:30
412,18,Mudalagi,2025-07-04 13:07:34+05:30
413,18,Muddebihal,2025-07-04 13:07:34+05:30
414,18,Pavagada,2025-07-04 13:07:34+05:30
415,18,Malur,2025-07-04 13:07:34+05:30
416,18,Sindhagi,2025-07-04 13:07:34+05:30
417,18,Sanduru,2025-07-04 13:07:34+05:30
418,18,Afzalpur,2025-07-04 13:07:34+05:30
419,18,Maddur,2025-07-04 13:07:34+05:30
420,18,Madhugiri,2025-07-04 13:07:34+05:30
421,18,Tekkalakote,2025-07-04 13:07:34+05:30
422,18,Terdal,2025-07-04 13:07:34+05:30
423,18,Mudabidri,2025-07-04 13:07:34+05:30
424,18,Magadi,2025-07-04 13:07:34+05:30
425,18,Navalgund,2025-07-04 13:07:34+05:30
426,18,Shiggaon,2025-07-04 13:07:34+05:30
427,18,Shrirangapattana,2025-07-04 13:07:34+05:30
428,18,Sindagi,2025-07-04 13:07:34+05:30
429,18,Sakaleshapura,2025-07-04 13:07:34+05:30
430,18,Srinivaspur,2025-07-04 13:07:34+05:30
431,18,Ron,2025-07-04 13:07:34+05:30
432,18,Mundargi,2025-07-04 13:07:34+05:30
433,18,Sadalagi,2025-07-04 13:07:34+05:30
434,18,Piriyapatna,2025-07-04 13:07:34+05:30
435,18,Adyar,2025-07-04 13:07:34+05:30
436,19,Thiruvananthapuram,2025-07-04 13:08:29+05:30
437,19,Kochi,2025-07-04 13:08:29+05:30
438,19,Kozhikode,2025-07-04 13:08:29+05:30
439,19,Kollam,2025-07-04 13:08:29+05:30
440,19,Thrissur,2025-07-04 13:08:29+05:30
441,19,Palakkad,2025-07-04 13:08:29+05:30
442,19,Alappuzha,2025-07-04 13:08:29+05:30
443,19,Malappuram,2025-07-04 13:08:29+05:30
444,19,Ponnani,2025-07-04 13:08:29+05:30
445,19,Vatakara,2025-07-04 13:08:29+05:30
446,19,Kanhangad,2025-07-04 13:08:29+05:30
447,19,Taliparamba,2025-07-04 13:08:29+05:30
448,19,Koyilandy,2025-07-04 13:08:29+05:30
449,19,Neyyattinkara,2025-07-04 13:08:29+05:30
450,19,Kayamkulam,2025-07-04 13:08:29+05:30
451,19,Nedumangad,2025-07-04 13:08:29+05:30
452,19,Kannur,2025-07-04 13:08:29+05:30
453,19,Tirur,2025-07-04 13:08:29+05:30
454,19,Kottayam,2025-07-04 13:08:29+05:30
455,19,Kasaragod,2025-07-04 13:08:29+05:30
456,19,Kunnamkulam,2025-07-04 13:08:29+05:30
457,19,Ottappalam,2025-07-04 13:08:29+05:30
458,19,Thiruvalla,2025-07-04 13:08:29+05:30
459,19,Thodupuzha,2025-07-04 13:08:29+05:30
460,19,Chalakudy,2025-07-04 13:08:29+05:30
461,19,Changanassery,2025-07-04 13:08:29+05:30
462,19,Punalur,2025-07-04 13:08:29+05:30
463,19,Nilambur,2025-07-04 13:08:29+05:30
464,19,Cherthala,2025-07-04 13:08:29+05:30
465,19,Perinthalmanna,2025-07-04 13:08:29+05:30
466,19,Mattannur,2025-07-04 13:08:29+05:30
467,19,Shoranur,2025-07-04 13:08:29+05:30
468,19,Varkala,2025-07-04 13:08:29+05:30
469,19,Paravoor,2025-07-04 13:08:29+05:30
470,19,Pathanamthitta,2025-07-04 13:08:29+05:30
471,19,Peringathur,2025-07-04 13:08:29+05:30
472,19,Attingal,2025-07-04 13:08:29+05:30
473,19,Kodungallur,2025-07-04 13:08:29+05:30
474,19,Pappinisseri,2025-07-04 13:08:29+05:30
475,19,Chittur-Thathamangalam,2025-07-04 13:08:29+05:30
476,19,Muvattupuzha,2025-07-04 13:08:29+05:30
477,19,Adoor,2025-07-04 13:08:29+05:30
478,19,Mavelikkara,2025-07-04 13:08:29+05:30
479,19,Mavoor,2025-07-04 13:08:29+05:30
480,19,Perumbavoor,2025-07-04 13:08:29+05:30
481,19,Vaikom,2025-07-04 13:08:29+05:30
482,19,Palai,2025-07-04 13:08:29+05:30
483,19,Panniyannur,2025-07-04 13:08:29+05:30
484,19,Guruvayoor,2025-07-04 13:08:29+05:30
485,19,Puthuppally,2025-07-04 13:08:29+05:30
486,19,Panamattom,2025-07-04 13:08:29+05:30
487,21,Indore,2025-07-04 13:09:14+05:30
488,21,Bhopal,2025-07-04 13:09:14+05:30
489,21,Jabalpur,2025-07-04 13:09:14+05:30
490,21,Gwalior,2025-07-04 13:09:14+05:30
491,21,Ujjain,2025-07-04 13:09:14+05:30
492,21,Sagar,2025-07-04 13:09:14+05:30
493,21,Ratlam,2025-07-04 13:09:14+05:30
494,21,Satna,2025-07-04 13:09:14+05:30
495,21,Murwara (Katni),2025-07-04 13:09:14+05:30
496,21,Morena,2025-07-04 13:09:14+05:30
497,21,Singrauli,2025-07-04 13:09:14+05:30
498,21,Rewa,2025-07-04 13:09:14+05:30
499,21,Vidisha,2025-07-04 13:09:14+05:30
500,21,Ganjbasoda,2025-07-04 13:09:14+05:30
501,21,Shivpuri,2025-07-04 13:09:14+05:30
502,21,Mandsaur,2025-07-04 13:09:14+05:30
503,21,Neemuch,2025-07-04 13:09:14+05:30
504,21,Nagda,2025-07-04 13:09:14+05:30
505,21,Itarsi,2025-07-04 13:09:14+05:30
506,21,Sarni,2025-07-04 13:09:14+05:30
507,21,Sehore,2025-07-04 13:09:14+05:30
508,21,Mhow Cantonment,2025-07-04 13:09:14+05:30
509,21,Seoni,2025-07-04 13:09:14+05:30
510,21,Balaghat,2025-07-04 13:09:14+05:30
511,21,Ashok Nagar,2025-07-04 13:09:14+05:30
512,21,Tikamgarh,2025-07-04 13:09:14+05:30
513,21,Shahdol,2025-07-04 13:09:14+05:30
514,21,Pithampur,2025-07-04 13:09:14+05:30
515,21,Alirajpur,2025-07-04 13:09:14+05:30
516,21,Mandla,2025-07-04 13:09:14+05:30
517,21,Sheopur,2025-07-04 13:09:15+05:30
518,21,Shajapur,2025-07-04 13:09:15+05:30
519,21,Panna,2025-07-04 13:09:15+05:30
520,21,Raghogarh-Vijaypur,2025-07-04 13:09:15+05:30
521,21,Sendhwa,2025-07-04 13:09:15+05:30
522,21,Sidhi,2025-07-04 13:09:15+05:30
523,21,Pipariya,2025-07-04 13:09:15+05:30
524,21,Shujalpur,2025-07-04 13:09:15+05:30
525,21,Sironj,2025-07-04 13:09:15+05:30
526,21,Pandhurna,2025-07-04 13:09:15+05:30
527,21,Nowgong,2025-07-04 13:09:15+05:30
528,21,Mandideep,2025-07-04 13:09:15+05:30
529,21,Sihora,2025-07-04 13:09:15+05:30
530,21,Raisen,2025-07-04 13:09:15+05:30
531,21,Lahar,2025-07-04 13:09:15+05:30
532,21,Maihar,2025-07-04 13:09:15+05:30
533,21,Sanawad,2025-07-04 13:09:15+05:30
534,21,Sabalgarh,2025-07-04 13:09:15+05:30
535,21,Umaria,2025-07-04 13:09:15+05:30
536,21,Porsa,2025-07-04 13:09:15+05:30
537,21,Narsinghgarh,2025-07-04 13:09:15+05:30
538,21,Malaj Khand,2025-07-04 13:09:15+05:30
539,21,Sarangpur,2025-07-04 13:09:15+05:30
540,21,Mundi,2025-07-04 13:09:15+05:30
541,21,Nepanagar,2025-07-04 13:09:15+05:30
542,21,Pasan,2025-07-04 13:09:15+05:30
543,21,Mahidpur,2025-07-04 13:09:15+05:30
544,21,Seoni-Malwa,2025-07-04 13:09:15+05:30
545,21,Rehli,2025-07-04 13:09:15+05:30
546,21,Manawar,2025-07-04 13:09:15+05:30
547,21,Rahatgarh,2025-07-04 13:09:15+05:30
548,21,Panagar,2025-07-04 13:09:15+05:30
549,21,Wara Seoni,2025-07-04 13:09:15+05:30
550,21,Tarana,2025-07-04 13:09:15+05:30
551,21,Sausar,2025-07-04 13:09:15+05:30
552,21,Rajgarh,2025-07-04 13:09:15+05:30
553,21,Niwari,2025-07-04 13:09:15+05:30
554,21,Mauganj,2025-07-04 13:09:15+05:30
555,21,Manasa,2025-07-04 13:09:15+05:30
556,21,Nainpur,2025-07-04 13:09:15+05:30
557,21,Prithvipur,2025-07-04 13:09:15+05:30
558,21,Sohagpur,2025-07-04 13:09:15+05:30
559,21,Nowrozabad (Khodargama),2025-07-04 13:09:15+05:30
560,21,Shamgarh,2025-07-04 13:09:15+05:30
561,21,Maharajpur,2025-07-04 13:09:15+05:30
562,21,Multai,2025-07-04 13:09:15+05:30
563,21,Pali,2025-07-04 13:09:15+05:30
564,21,Pachore,2025-07-04 13:09:15+05:30
565,21,Rau,2025-07-04 13:09:15+05:30
566,21,Mhowgaon,2025-07-04 13:09:15+05:30
567,21,Vijaypur,2025-07-04 13:09:15+05:30
568,21,Narsinghgarh,2025-07-04 13:09:15+05:30
569,22,Mumbai,2025-07-04 13:10:13+05:30
570,22,Pune,2025-07-04 13:10:13+05:30
571,22,Nagpur,2025-07-04 13:10:13+05:30
572,22,Thane,2025-07-04 13:10:13+05:30
573,22,Nashik,2025-07-04 13:10:13+05:30
574,22,Kalyan-Dombivali,2025-07-04 13:10:13+05:30
575,22,Vasai-Virar,2025-07-04 13:10:13+05:30
576,22,Solapur,2025-07-04 13:10:13+05:30
577,22,Mira-Bhayandar,2025-07-04 13:10:13+05:30
578,22,Bhiwandi,2025-07-04 13:10:13+05:30
579,22,Amravati,2025-07-04 13:10:13+05:30
580,22,Nanded-Waghala,2025-07-04 13:10:13+05:30
581,22,Sangli,2025-07-04 13:10:13+05:30
582,22,Malegaon,2025-07-04 13:10:13+05:30
583,22,Akola,2025-07-04 13:10:13+05:30
584,22,Latur,2025-07-04 13:10:13+05:30
585,22,Dhule,2025-07-04 13:10:13+05:30
586,22,Ahmednagar,2025-07-04 13:10:13+05:30
587,22,Ichalkaranji,2025-07-04 13:10:13+05:30
588,22,Parbhani,2025-07-04 13:10:13+05:30
589,22,Panvel,2025-07-04 13:10:13+05:30
590,22,Yavatmal,2025-07-04 13:10:13+05:30
591,22,Achalpur,2025-07-04 13:10:13+05:30
592,22,Osmanabad,2025-07-04 13:10:13+05:30
593,22,Nandurbar,2025-07-04 13:10:13+05:30
594,22,Satara,2025-07-04 13:10:13+05:30
595,22,Wardha,2025-07-04 13:10:13+05:30
596,22,Udgir,2025-07-04 13:10:13+05:30
597,22,Aurangabad,2025-07-04 13:10:13+05:30
598,22,Amalner,2025-07-04 13:10:13+05:30
599,22,Akot,2025-07-04 13:10:13+05:30
600,22,Pandharpur,2025-07-04 13:10:13+05:30
601,22,Shrirampur,2025-07-04 13:10:13+05:30
602,22,Parli,2025-07-04 13:10:13+05:30
603,22,Washim,2025-07-04 13:10:13+05:30
604,22,Ambejogai,2025-07-04 13:10:13+05:30
605,22,Manmad,2025-07-04 13:10:13+05:30
606,22,Ratnagiri,2025-07-04 13:10:14+05:30
607,22,Uran Islampur,2025-07-04 13:10:14+05:30
608,22,Pusad,2025-07-04 13:10:14+05:30
609,22,Sangamner,2025-07-04 13:10:14+05:30
610,22,Shirpur-Warwade,2025-07-04 13:10:14+05:30
611,22,Malkapur,2025-07-04 13:10:14+05:30
612,22,Wani,2025-07-04 13:10:14+05:30
613,22,Lonavla,2025-07-04 13:10:14+05:30
614,22,Talegaon Dabhade,2025-07-04 13:10:14+05:30
615,22,Anjangaon,2025-07-04 13:10:14+05:30
616,22,Umred,2025-07-04 13:10:14+05:30
617,22,Palghar,2025-07-04 13:10:14+05:30
618,22,Shegaon,2025-07-04 13:10:14+05:30
619,22,Ozar,2025-07-04 13:10:14+05:30
620,22,Phaltan,2025-07-04 13:10:14+05:30
621,22,Yevla,2025-07-04 13:10:14+05:30
622,22,Shahade,2025-07-04 13:10:14+05:30
623,22,Vita,2025-07-04 13:10:14+05:30
624,22,Umarkhed,2025-07-04 13:10:14+05:30
625,22,Warora,2025-07-04 13:10:14+05:30
626,22,Pachora,2025-07-04 13:10:14+05:30
627,22,Tumsar,2025-07-04 13:10:14+05:30
628,22,Manjlegaon,2025-07-04 13:10:14+05:30
629,22,Sillod,2025-07-04 13:10:14+05:30
630,22,Arvi,2025-07-04 13:10:14+05:30
631,22,Nandura,2025-07-04 13:10:14+05:30
632,22,Vaijapur,2025-07-04 13:10:14+05:30
633,22,Wadgaon Road,2025-07-04 13:10:14+05:30
634,22,Sailu,2025-07-04 13:10:14+05:30
635,22,Murtijapur,2025-07-04 13:10:14+05:30
636,22,Tasgaon,2025-07-04 13:10:14+05:30
637,22,Mehkar,2025-07-04 13:10:14+05:30
638,22,Yawal,2025-07-04 13:10:14+05:30
639,22,Pulgaon,2025-07-04 13:10:14+05:30
640,22,Nilanga,2025-07-04 13:10:14+05:30
641,22,Wai,2025-07-04 13:10:14+05:30
642,22,Umarga,2025-07-04 13:10:14+05:30
643,22,Paithan,2025-07-04 13:10:14+05:30
644,22,Rahuri,2025-07-04 13:10:14+05:30
645,22,Nawapur,2025-07-04 13:10:14+05:30
646,22,Tuljapur,2025-07-04 13:10:14+05:30
647,22,Morshi,2025-07-04 13:10:14+05:30
648,22,Purna,2025-07-04 13:10:14+05:30
649,22,Satana,2025-07-04 13:10:14+05:30
650,22,Pathri,2025-07-04 13:10:14+05:30
651,22,Sinnar,2025-07-04 13:10:14+05:30
652,22,Uchgaon,2025-07-04 13:10:14+05:30
653,22,Uran,2025-07-04 13:10:14+05:30
654,22,Pen,2025-07-04 13:10:14+05:30
655,22,Karjat,2025-07-04 13:10:14+05:30
656,22,Manwath,2025-07-04 13:10:14+05:30
657,22,Partur,2025-07-04 13:10:14+05:30
658,22,Sangole,2025-07-04 13:10:14+05:30
659,22,Mangrulpir,2025-07-04 13:10:14+05:30
660,22,Risod,2025-07-04 13:10:14+05:30
661,22,Shirur,2025-07-04 13:10:14+05:30
662,22,Savner,2025-07-04 13:10:14+05:30
663,22,Sasvad,2025-07-04 13:10:14+05:30
664,22,Pandharkaoda,2025-07-04 13:10:14+05:30
665,22,Talode,2025-07-04 13:10:14+05:30
666,22,Shrigonda,2025-07-04 13:10:14+05:30
667,22,Shirdi,2025-07-04 13:10:14+05:30
668,22,Raver,2025-07-04 13:10:14+05:30
669,22,Mukhed,2025-07-04 13:10:14+05:30
670,22,Rajura,2025-07-04 13:10:14+05:30
671,22,Vadgaon Kasba,2025-07-04 13:10:14+05:30
672,22,Tirora,2025-07-04 13:10:14+05:30
673,22,Mahad,2025-07-04 13:10:14+05:30
674,22,Lonar,2025-07-04 13:10:14+05:30
675,22,Sawantwadi,2025-07-04 13:10:14+05:30
676,22,Pathardi,2025-07-04 13:10:14+05:30
677,22,Pauni,2025-07-04 13:10:14+05:30
678,22,Ramtek,2025-07-04 13:10:14+05:30
679,22,Mul,2025-07-04 13:10:14+05:30
680,22,Soyagaon,2025-07-04 13:10:14+05:30
681,22,Mangalvedhe,2025-07-04 13:10:14+05:30
682,22,Narkhed,2025-07-04 13:10:14+05:30
683,22,Shendurjana,2025-07-04 13:10:14+05:30
684,22,Patur,2025-07-04 13:10:14+05:30
685,22,Mhaswad,2025-07-04 13:10:14+05:30
686,22,Loha,2025-07-04 13:10:15+05:30
687,22,Nandgaon,2025-07-04 13:10:15+05:30
688,22,Warud,2025-07-04 13:10:15+05:30
689,23,Imphal,2025-07-04 13:10:46+05:30
690,23,Thoubal,2025-07-04 13:10:46+05:30
691,23,Lilong,2025-07-04 13:10:46+05:30
692,23,Mayang Imphal,2025-07-04 13:10:46+05:30
693,24,Shillong,2025-07-04 13:11:22+05:30
694,24,Tura,2025-07-04 13:11:22+05:30
695,24,Nongstoin,2025-07-04 13:11:22+05:30
696,25,Aizawl,2025-07-04 13:11:52+05:30
697,25,Lunglei,2025-07-04 13:11:52+05:30
698,25,Saiha,2025-07-04 13:11:52+05:30
699,26,Dimapur,2025-07-04 13:12:20+05:30
700,26,Kohima,2025-07-04 13:12:20+05:30
701,26,Zunheboto,2025-07-04 13:12:20+05:30
702,26,Tuensang,2025-07-04 13:12:20+05:30
703,26,Wokha,2025-07-04 13:12:20+05:30
704,26,Mokokchung,2025-07-04 13:12:20+05:30
705,27,Bhubaneswar,2025-07-04 13:13:08+05:30
706,27,Cuttack,2025-07-04 13:13:08+05:30
707,27,Raurkela,2025-07-04 13:13:08+05:30
708,27,Brahmapur,2025-07-04 13:13:08+05:30
709,27,Sambalpur,2025-07-04 13:13:08+05:30
710,27,Puri,2025-07-04 13:13:08+05:30
711,27,Baleshwar Town,2025-07-04 13:13:08+05:30
712,27,Baripada Town,2025-07-04 13:13:08+05:30
713,27,Bhadrak,2025-07-04 13:13:08+05:30
714,27,Balangir,2025-07-04 13:13:08+05:30
715,27,Jharsuguda,2025-07-04 13:13:08+05:30
716,27,Bargarh,2025-07-04 13:13:08+05:30
717,27,Paradip,2025-07-04 13:13:08+05:30
718,27,Bhawanipatna,2025-07-04 13:13:08+05:30
719,27,Dhenkanal,2025-07-04 13:13:08+05:30
720,27,Barbil,2025-07-04 13:13:08+05:30
721,27,Kendujhar,2025-07-04 13:13:08+05:30
722,27,Sunabeda,2025-07-04 13:13:08+05:30
723,27,Rayagada,2025-07-04 13:13:08+05:30
724,27,Jatani,2025-07-04 13:13:08+05:30
725,27,Byasanagar,2025-07-04 13:13:08+05:30
726,27,Kendrapara,2025-07-04 13:13:08+05:30
727,27,Rajagangapur,2025-07-04 13:13:08+05:30
728,27,Parlakhemundi,2025-07-04 13:13:08+05:30
729,27,Talcher,2025-07-04 13:13:08+05:30
730,27,Sundargarh,2025-07-04 13:13:08+05:30
731,27,Phulabani,2025-07-04 13:13:08+05:30
732,27,Pattamundai,2025-07-04 13:13:08+05:30
733,27,Titlagarh,2025-07-04 13:13:08+05:30
734,27,Nabarangapur,2025-07-04 13:13:08+05:30
735,27,Soro,2025-07-04 13:13:09+05:30
736,27,Malkangiri,2025-07-04 13:13:09+05:30
737,27,Rairangpur,2025-07-04 13:13:09+05:30
738,27,Tarbha,2025-07-04 13:13:09+05:30
739,30,Jaipur,2025-07-04 13:47:58+05:30
740,30,Jodhpur,2025-07-04 13:47:58+05:30
741,30,Bikaner,2025-07-04 13:47:58+05:30
742,30,Udaipur,2025-07-04 13:47:58+05:30
743,30,Ajmer,2025-07-04 13:47:58+05:30
744,30,Bhilwara,2025-07-04 13:47:58+05:30
745,30,Alwar,2025-07-04 13:47:58+05:30
746,30,Bharatpur,2025-07-04 13:47:58+05:30
747,30,Pali,2025-07-04 13:47:58+05:30
748,30,Barmer,2025-07-04 13:47:58+05:30
749,30,Sikar,2025-07-04 13:47:58+05:30
750,30,Tonk,2025-07-04 13:47:58+05:30
751,30,Sadulpur,2025-07-04 13:47:58+05:30
752,30,Sawai Madhopur,2025-07-04 13:47:58+05:30
753,30,Nagaur,2025-07-04 13:47:58+05:30
754,30,Makrana,2025-07-04 13:47:58+05:30
755,30,Sujangarh,2025-07-04 13:47:58+05:30
756,30,Sardarshahar,2025-07-04 13:47:58+05:30
757,30,Ladnu,2025-07-04 13:47:58+05:30
758,30,Ratangarh,2025-07-04 13:47:58+05:30
759,30,Nokha,2025-07-04 13:47:58+05:30
760,30,Nimbahera,2025-07-04 13:47:58+05:30
761,30,Suratgarh,2025-07-04 13:47:58+05:30
762,30,Rajsamand,2025-07-04 13:47:58+05:30
763,30,Lachhmangarh,2025-07-04 13:47:58+05:30
764,30,Rajgarh (Churu),2025-07-04 13:47:58+05:30
765,30,Nasirabad,2025-07-04 13:47:58+05:30
766,30,Nohar,2025-07-04 13:47:58+05:30
767,30,Phalodi,2025-07-04 13:47:58+05:30
768,30,Nathdwara,2025-07-04 13:47:58+05:30
769,30,Pilani,2025-07-04 13:47:58+05:30
770,30,Merta City,2025-07-04 13:47:58+05:30
771,30,Sojat,2025-07-04 13:47:58+05:30
772,30,Neem-Ka-Thana,2025-07-04 13:47:58+05:30
773,30,Sirohi,2025-07-04 13:47:58+05:30
774,30,Pratapgarh,2025-07-04 13:47:58+05:30
775,30,Rawatbhata,2025-07-04 13:47:58+05:30
776,30,Sangaria,2025-07-04 13:47:58+05:30
777,30,Lalsot,2025-07-04 13:47:58+05:30
778,30,Pilibanga,2025-07-04 13:47:58+05:30
779,30,Pipar City,2025-07-04 13:47:58+05:30
780,30,Taranagar,2025-07-04 13:47:58+05:30
781,30,"Vijainagar, Ajmer",2025-07-04 13:47:58+05:30
782,30,Sumerpur,2025-07-04 13:47:58+05:30
783,30,Sagwara,2025-07-04 13:47:58+05:30
784,30,Ramganj Mandi,2025-07-04 13:47:58+05:30
785,30,Lakheri,2025-07-04 13:47:58+05:30
786,30,Udaipurwati,2025-07-04 13:47:58+05:30
787,30,Losal,2025-07-04 13:47:58+05:30
788,30,Sri Madhopur,2025-07-04 13:47:58+05:30
789,30,Ramngarh,2025-07-04 13:47:58+05:30
790,30,Rawatsar,2025-07-04 13:47:58+05:30
791,30,Rajakhera,2025-07-04 13:47:58+05:30
792,30,Shahpura,2025-07-04 13:47:58+05:30
793,30,Shahpura,2025-07-04 13:47:58+05:30
794,30,Raisinghnagar,2025-07-04 13:47:58+05:30
795,30,Malpura,2025-07-04 13:47:58+05:30
796,30,Nadbai,2025-07-04 13:47:58+05:30
797,30,Sanchore,2025-07-04 13:47:58+05:30
798,30,Nagar,2025-07-04 13:47:58+05:30
799,30,Rajgarh (Alwar),2025-07-04 13:47:58+05:30
800,30,Sheoganj,2025-07-04 13:47:58+05:30
801,30,Sadri,2025-07-04 13:47:58+05:30
802,30,Todaraisingh,2025-07-04 13:47:58+05:30
803,30,Todabhim,2025-07-04 13:47:58+05:30
804,30,Reengus,2025-07-04 13:47:58+05:30
805,30,Rajaldesar,2025-07-04 13:47:58+05:30
806,30,Sadulshahar,2025-07-04 13:47:58+05:30
807,30,Sambhar,2025-07-04 13:47:58+05:30
808,30,Prantij,2025-07-04 13:47:58+05:30
809,30,Mount Abu,2025-07-04 13:47:59+05:30
810,30,Mangrol,2025-07-04 13:47:59+05:30
811,30,Phulera,2025-07-04 13:47:59+05:30
812,30,Mandawa,2025-07-04 13:47:59+05:30
813,30,Pindwara,2025-07-04 13:47:59+05:30
814,30,Mandalgarh,2025-07-04 13:47:59+05:30
815,30,Takhatgarh,2025-07-04 13:47:59+05:30
816,32,Chennai,2025-07-04 13:48:55+05:30
817,32,Coimbatore,2025-07-04 13:48:55+05:30
818,32,Madurai,2025-07-04 13:48:55+05:30
819,32,Tiruchirappalli,2025-07-04 13:48:55+05:30
820,32,Salem,2025-07-04 13:48:55+05:30
821,32,Tirunelveli,2025-07-04 13:48:55+05:30
822,32,Tiruppur,2025-07-04 13:48:55+05:30
823,32,Ranipet,2025-07-04 13:48:55+05:30
824,32,Nagercoil,2025-07-04 13:48:55+05:30
825,32,Thanjavur,2025-07-04 13:48:55+05:30
826,32,Vellore,2025-07-04 13:48:55+05:30
827,32,Kancheepuram,2025-07-04 13:48:55+05:30
828,32,Erode,2025-07-04 13:48:55+05:30
829,32,Tiruvannamalai,2025-07-04 13:48:55+05:30
830,32,Pollachi,2025-07-04 13:48:55+05:30
831,32,Rajapalayam,2025-07-04 13:48:55+05:30
832,32,Sivakasi,2025-07-04 13:48:55+05:30
833,32,Pudukkottai,2025-07-04 13:48:55+05:30
834,32,Neyveli (TS),2025-07-04 13:48:55+05:30
835,32,Nagapattinam,2025-07-04 13:48:55+05:30
836,32,Viluppuram,2025-07-04 13:48:55+05:30
837,32,Tiruchengode,2025-07-04 13:48:55+05:30
838,32,Vaniyambadi,2025-07-04 13:48:55+05:30
839,32,Theni Allinagaram,2025-07-04 13:48:55+05:30
840,32,Udhagamandalam,2025-07-04 13:48:55+05:30
841,32,Aruppukkottai,2025-07-04 13:48:55+05:30
842,32,Paramakudi,2025-07-04 13:48:55+05:30
843,32,Arakkonam,2025-07-04 13:48:55+05:30
844,32,Virudhachalam,2025-07-04 13:48:55+05:30
845,32,Srivilliputhur,2025-07-04 13:48:55+05:30
846,32,Tindivanam,2025-07-04 13:48:55+05:30
847,32,Virudhunagar,2025-07-04 13:48:55+05:30
848,32,Karur,2025-07-04 13:48:55+05:30
849,32,Valparai,2025-07-04 13:48:55+05:30
850,32,Sankarankovil,2025-07-04 13:48:55+05:30
851,32,Tenkasi,2025-07-04 13:48:55+05:30
852,32,Palani,2025-07-04 13:48:55+05:30
853,32,Pattukkottai,2025-07-04 13:48:55+05:30
854,32,Tirupathur,2025-07-04 13:48:55+05:30
855,32,Ramanathapuram,2025-07-04 13:48:56+05:30
856,32,Udumalaipettai,2025-07-04 13:48:56+05:30
857,32,Gobichettipalayam,2025-07-04 13:48:56+05:30
858,32,Thiruvarur,2025-07-04 13:48:56+05:30
859,32,Thiruvallur,2025-07-04 13:48:56+05:30
860,32,Panruti,2025-07-04 13:48:56+05:30
861,32,Namakkal,2025-07-04 13:48:56+05:30
862,32,Thirumangalam,2025-07-04 13:48:56+05:30
863,32,Vikramasingapuram,2025-07-04 13:48:56+05:30
864,32,Nellikuppam,2025-07-04 13:48:56+05:30
865,32,Rasipuram,2025-07-04 13:48:56+05:30
866,32,Tiruttani,2025-07-04 13:48:56+05:30
867,32,Nandivaram-Guduvancheri,2025-07-04 13:48:56+05:30
868,32,Periyakulam,2025-07-04 13:48:56+05:30
869,32,Pernampattu,2025-07-04 13:48:56+05:30
870,32,Vellakoil,2025-07-04 13:48:56+05:30
871,32,Sivaganga,2025-07-04 13:48:56+05:30
872,32,Vadalur,2025-07-04 13:48:56+05:30
873,32,Rameshwaram,2025-07-04 13:48:56+05:30
874,32,Tiruvethipuram,2025-07-04 13:48:56+05:30
875,32,Perambalur,2025-07-04 13:48:56+05:30
876,32,Usilampatti,2025-07-04 13:48:56+05:30
877,32,Vedaranyam,2025-07-04 13:48:56+05:30
878,32,Sathyamangalam,2025-07-04 13:48:56+05:30
879,32,Puliyankudi,2025-07-04 13:48:56+05:30
880,32,Nanjikottai,2025-07-04 13:48:56+05:30
881,32,Thuraiyur,2025-07-04 13:48:56+05:30
882,32,Sirkali,2025-07-04 13:48:56+05:30
883,32,Tiruchendur,2025-07-04 13:48:56+05:30
884,32,Periyasemur,2025-07-04 13:48:56+05:30
885,32,Sattur,2025-07-04 13:48:56+05:30
886,32,Vandavasi,2025-07-04 13:48:56+05:30
887,32,Tharamangalam,2025-07-04 13:48:56+05:30
888,32,Tirukkoyilur,2025-07-04 13:48:56+05:30
889,32,Oddanchatram,2025-07-04 13:48:56+05:30
890,32,Palladam,2025-07-04 13:48:56+05:30
891,32,Vadakkuvalliyur,2025-07-04 13:48:56+05:30
892,32,Tirukalukundram,2025-07-04 13:48:56+05:30
893,32,Uthamapalayam,2025-07-04 13:48:56+05:30
894,32,Surandai,2025-07-04 13:48:56+05:30
895,32,Sankari,2025-07-04 13:48:56+05:30
896,32,Shenkottai,2025-07-04 13:48:56+05:30
897,32,Vadipatti,2025-07-04 13:48:56+05:30
898,32,Sholingur,2025-07-04 13:48:56+05:30
899,32,Tirupathur,2025-07-04 13:48:56+05:30
900,32,Manachanallur,2025-07-04 13:48:56+05:30
901,32,Viswanatham,2025-07-04 13:48:56+05:30
902,32,Polur,2025-07-04 13:48:56+05:30
903,32,Panagudi,2025-07-04 13:48:56+05:30
904,32,Uthiramerur,2025-07-04 13:48:56+05:30
905,32,Thiruthuraipoondi,2025-07-04 13:48:56+05:30
906,32,Pallapatti,2025-07-04 13:48:56+05:30
907,32,Ponneri,2025-07-04 13:48:56+05:30
908,32,Lalgudi,2025-07-04 13:48:56+05:30
909,32,Natham,2025-07-04 13:48:56+05:30
910,32,Unnamalaikadai,2025-07-04 13:48:56+05:30
911,32,P.N.Patti,2025-07-04 13:48:56+05:30
912,32,Tharangambadi,2025-07-04 13:48:56+05:30
913,32,Tittakudi,2025-07-04 13:48:56+05:30
914,32,Pacode,2025-07-04 13:48:56+05:30
915,32,Suriyampalayam,2025-07-04 13:48:56+05:30
916,32,Sholavandan,2025-07-04 13:48:56+05:30
917,32,Thammampatti,2025-07-04 13:48:56+05:30
918,32,Namagiripettai,2025-07-04 13:48:56+05:30
919,32,Peravurani,2025-07-04 13:48:56+05:30
920,32,Parangipettai,2025-07-04 13:48:56+05:30
921,32,Pudupattinam,2025-07-04 13:48:56+05:30
922,32,Pallikonda,2025-07-04 13:48:56+05:30
923,32,Sivagiri,2025-07-04 13:48:56+05:30
924,32,Punjaipugalur,2025-07-04 13:48:56+05:30
925,32,Padmanabhapuram,2025-07-04 13:48:56+05:30
926,32,Thirupuvanam,2025-07-04 13:48:56+05:30
927,33,Hyderabad,2025-07-04 13:49:39+05:30
928,33,Warangal,2025-07-04 13:49:39+05:30
929,33,Nizamabad,2025-07-04 13:49:39+05:30
930,33,Karimnagar,2025-07-04 13:49:39+05:30
931,33,Ramagundam,2025-07-04 13:49:39+05:30
932,33,Khammam,2025-07-04 13:49:39+05:30
933,33,Mahbubnagar,2025-07-04 13:49:39+05:30
934,33,Mancherial,2025-07-04 13:49:40+05:30
935,33,Adilabad,2025-07-04 13:49:40+05:30
936,33,Suryapet,2025-07-04 13:49:40+05:30
937,33,Jagtial,2025-07-04 13:49:40+05:30
938,33,Miryalaguda,2025-07-04 13:49:40+05:30
939,33,Nirmal,2025-07-04 13:49:40+05:30
940,33,Kamareddy,2025-07-04 13:49:40+05:30
941,33,Kothagudem,2025-07-04 13:49:40+05:30
942,33,Bodhan,2025-07-04 13:49:40+05:30
943,33,Palwancha,2025-07-04 13:49:40+05:30
944,33,Mandamarri,2025-07-04 13:49:40+05:30
945,33,Koratla,2025-07-04 13:49:40+05:30
946,33,Sircilla,2025-07-04 13:49:40+05:30
947,33,Tandur,2025-07-04 13:49:40+05:30
948,33,Siddipet,2025-07-04 13:49:40+05:30
949,33,Wanaparthy,2025-07-04 13:49:40+05:30
950,33,Kagaznagar,2025-07-04 13:49:40+05:30
951,33,Gadwal,2025-07-04 13:49:40+05:30
952,33,Sangareddy,2025-07-04 13:49:40+05:30
953,33,Bellampalle,2025-07-04 13:49:40+05:30
954,33,Bhongir,2025-07-04 13:49:40+05:30
955,33,Vikarabad,2025-07-04 13:49:40+05:30
956,33,Jangaon,2025-07-04 13:49:40+05:30
957,33,Bhadrachalam,2025-07-04 13:49:40+05:30
958,33,Bhainsa,2025-07-04 13:49:40+05:30
959,33,Farooqnagar,2025-07-04 13:49:40+05:30
960,33,Medak,2025-07-04 13:49:40+05:30
961,33,Narayanpet,2025-07-04 13:49:40+05:30
962,33,Sadasivpet,2025-07-04 13:49:40+05:30
963,33,Yellandu,2025-07-04 13:49:40+05:30
964,33,Manuguru,2025-07-04 13:49:40+05:30
965,33,Kyathampalle,2025-07-04 13:49:40+05:30
966,33,Nagarkurnool,2025-07-04 13:49:40+05:30
967,34,Agartala,2025-07-04 13:50:18+05:30
968,34,Udaipur,2025-07-04 13:50:18+05:30
969,34,Dharmanagar,2025-07-04 13:50:18+05:30
970,34,Pratapgarh,2025-07-04 13:50:18+05:30
971,34,Kailasahar,2025-07-04 13:50:18+05:30
972,34,Belonia,2025-07-04 13:50:18+05:30
973,34,Khowai,2025-07-04 13:50:18+05:30
974,35,Lucknow,2025-07-04 13:51:10+05:30
975,35,Kanpur,2025-07-04 13:51:10+05:30
976,35,Firozabad,2025-07-04 13:51:10+05:30
977,35,Agra,2025-07-04 13:51:10+05:30
978,35,Meerut,2025-07-04 13:51:10+05:30
979,35,Varanasi,2025-07-04 13:51:10+05:30
980,35,Allahabad,2025-07-04 13:51:10+05:30
981,35,Amroha,2025-07-04 13:51:10+05:30
982,35,Moradabad,2025-07-04 13:51:10+05:30
983,35,Aligarh,2025-07-04 13:51:10+05:30
984,35,Saharanpur,2025-07-04 13:51:10+05:30
985,35,Noida,2025-07-04 13:51:10+05:30
986,35,Loni,2025-07-04 13:51:10+05:30
987,35,Jhansi,2025-07-04 13:51:10+05:30
988,35,Shahjahanpur,2025-07-04 13:51:10+05:30
989,35,Rampur,2025-07-04 13:51:10+05:30
990,35,Modinagar,2025-07-04 13:51:10+05:30
991,35,Hapur,2025-07-04 13:51:10+05:30
992,35,Etawah,2025-07-04 13:51:10+05:30
993,35,Sambhal,2025-07-04 13:51:10+05:30
994,35,Orai,2025-07-04 13:51:10+05:30
995,35,Bahraich,2025-07-04 13:51:10+05:30
996,35,Unnao,2025-07-04 13:51:10+05:30
997,35,Rae Bareli,2025-07-04 13:51:10+05:30
998,35,Lakhimpur,2025-07-04 13:51:10+05:30
999,35,Sitapur,2025-07-04 13:51:10+05:30
1000,35,Lalitpur,2025-07-04 13:51:10+05:30
1001,35,Pilibhit,2025-07-04 13:51:10+05:30
1002,35,Chandausi,2025-07-04 13:51:10+05:30
1003,35,Hardoi ,2025-07-04 13:51:11+05:30
1004,35,Azamgarh,2025-07-04 13:51:11+05:30
1005,35,Khair,2025-07-04 13:51:11+05:30
1006,35,Sultanpur,2025-07-04 13:51:11+05:30
1007,35,Tanda,2025-07-04 13:51:11+05:30
1008,35,Nagina,2025-07-04 13:51:11+05:30
1009,35,Shamli,2025-07-04 13:51:11+05:30
1010,35,Najibabad,2025-07-04 13:51:11+05:30
1011,35,Shikohabad,2025-07-04 13:51:11+05:30
1012,35,Sikandrabad,2025-07-04 13:51:11+05:30
1013,35,"Shahabad, Hardoi",2025-07-04 13:51:11+05:30
1014,35,Pilkhuwa,2025-07-04 13:51:11+05:30
1015,35,Renukoot,2025-07-04 13:51:11+05:30
1016,35,Vrindavan,2025-07-04 13:51:11+05:30
1017,35,Ujhani,2025-07-04 13:51:11+05:30
1018,35,Laharpur,2025-07-04 13:51:11+05:30
1019,35,Tilhar,2025-07-04 13:51:11+05:30
1020,35,Sahaswan,2025-07-04 13:51:11+05:30
1021,35,Rath,2025-07-04 13:51:11+05:30
1022,35,Sherkot,2025-07-04 13:51:11+05:30
1023,35,Kalpi,2025-07-04 13:51:11+05:30
1024,35,Tundla,2025-07-04 13:51:11+05:30
1025,35,Sandila,2025-07-04 13:51:11+05:30
1026,35,Nanpara,2025-07-04 13:51:11+05:30
1027,35,Sardhana,2025-07-04 13:51:11+05:30
1028,35,Nehtaur,2025-07-04 13:51:11+05:30
1029,35,Seohara,2025-07-04 13:51:11+05:30
1030,35,Padrauna,2025-07-04 13:51:11+05:30
1031,35,Mathura,2025-07-04 13:51:11+05:30
1032,35,Thakurdwara,2025-07-04 13:51:11+05:30
1033,35,Nawabganj,2025-07-04 13:51:11+05:30
1034,35,Siana,2025-07-04 13:51:11+05:30
1035,35,Noorpur,2025-07-04 13:51:11+05:30
1036,35,Sikandra Rao,2025-07-04 13:51:11+05:30
1037,35,Puranpur,2025-07-04 13:51:11+05:30
1038,35,Rudauli,2025-07-04 13:51:11+05:30
1039,35,Thana Bhawan,2025-07-04 13:51:11+05:30
1040,35,Palia Kalan,2025-07-04 13:51:11+05:30
1041,35,Zaidpur,2025-07-04 13:51:11+05:30
1042,35,Nautanwa,2025-07-04 13:51:11+05:30
1043,35,Zamania,2025-07-04 13:51:11+05:30
1044,35,"Shikarpur, Bulandshahr",2025-07-04 13:51:11+05:30
1045,35,Naugawan Sadat,2025-07-04 13:51:11+05:30
1046,35,Fatehpur Sikri,2025-07-04 13:51:11+05:30
1047,35,"Shahabad, Rampur",2025-07-04 13:51:11+05:30
1048,35,Robertsganj,2025-07-04 13:51:11+05:30
1049,35,Utraula,2025-07-04 13:51:11+05:30
1050,35,Sadabad,2025-07-04 13:51:11+05:30
1051,35,Rasra,2025-07-04 13:51:11+05:30
1052,35,Lar,2025-07-04 13:51:11+05:30
1053,35,Lal Gopalganj Nindaura,2025-07-04 13:51:11+05:30
1054,35,Sirsaganj,2025-07-04 13:51:11+05:30
1055,35,Pihani,2025-07-04 13:51:11+05:30
1056,35,"Shamsabad, Agra",2025-07-04 13:51:11+05:30
1057,35,Rudrapur,2025-07-04 13:51:11+05:30
1058,35,Soron,2025-07-04 13:51:11+05:30
1059,35,SUrban Agglomerationr,2025-07-04 13:51:11+05:30
1060,35,Samdhan,2025-07-04 13:51:11+05:30
1061,35,Sahjanwa,2025-07-04 13:51:11+05:30
1062,35,Rampur Maniharan,2025-07-04 13:51:11+05:30
1063,35,Sumerpur,2025-07-04 13:51:11+05:30
1064,35,Shahganj,2025-07-04 13:51:11+05:30
1065,35,Tulsipur,2025-07-04 13:51:11+05:30
1066,35,Tirwaganj,2025-07-04 13:51:11+05:30
1067,35,PurqUrban Agglomerationzi,2025-07-04 13:51:11+05:30
1068,35,"Shamsabad, Farrukhabad",2025-07-04 13:51:11+05:30
1069,35,Warhapur,2025-07-04 13:51:11+05:30
1070,35,Powayan,2025-07-04 13:51:11+05:30
1071,35,Sandi,2025-07-04 13:51:11+05:30
1072,35,Achhnera,2025-07-04 13:51:11+05:30
1073,35,Naraura,2025-07-04 13:51:11+05:30
1074,35,Nakur,2025-07-04 13:51:11+05:30
1075,35,Sahaspur,2025-07-04 13:51:11+05:30
1076,35,Safipur,2025-07-04 13:51:11+05:30
1077,35,Reoti,2025-07-04 13:51:11+05:30
1078,35,Sikanderpur,2025-07-04 13:51:11+05:30
1079,35,Saidpur,2025-07-04 13:51:11+05:30
1080,35,Sirsi,2025-07-04 13:51:11+05:30
1081,35,Purwa,2025-07-04 13:51:11+05:30
1082,35,Parasi,2025-07-04 13:51:11+05:30
1083,35,Lalganj,2025-07-04 13:51:11+05:30
1084,35,Phulpur,2025-07-04 13:51:11+05:30
1085,35,Shishgarh,2025-07-04 13:51:11+05:30
1086,35,Sahawar,2025-07-04 13:51:11+05:30
1087,35,Samthar,2025-07-04 13:51:11+05:30
1088,35,Pukhrayan,2025-07-04 13:51:11+05:30
1089,35,Obra,2025-07-04 13:51:12+05:30
1090,35,Niwai,2025-07-04 13:51:12+05:30
1091,36,Dehradun,2025-07-04 13:51:51+05:30
1092,36,Hardwar,2025-07-04 13:51:51+05:30
1093,36,Haldwani-cum-Kathgodam,2025-07-04 13:51:51+05:30
1094,36,Srinagar,2025-07-04 13:51:51+05:30
1095,36,Kashipur,2025-07-04 13:51:51+05:30
1096,36,Roorkee,2025-07-04 13:51:51+05:30
1097,36,Rudrapur,2025-07-04 13:51:51+05:30
1098,36,Rishikesh,2025-07-04 13:51:51+05:30
1099,36,Ramnagar,2025-07-04 13:51:51+05:30
1100,36,Pithoragarh,2025-07-04 13:51:51+05:30
1101,36,Manglaur,2025-07-04 13:51:51+05:30
1102,36,Nainital,2025-07-04 13:51:51+05:30
1103,36,Mussoorie,2025-07-04 13:51:51+05:30
1104,36,Tehri,2025-07-04 13:51:51+05:30
1105,36,Pauri,2025-07-04 13:51:51+05:30
1106,36,Nagla,2025-07-04 13:51:51+05:30
1107,36,Sitarganj,2025-07-04 13:51:51+05:30
1108,36,Bageshwar,2025-07-04 13:51:51+05:30
1109,37,Kolkata,2025-07-04 13:52:41+05:30
1110,37,Siliguri,2025-07-04 13:52:41+05:30
1111,37,Asansol,2025-07-04 13:52:41+05:30
1112,37,Raghunathganj,2025-07-04 13:52:41+05:30
1113,37,Kharagpur,2025-07-04 13:52:41+05:30
1114,37,Naihati,2025-07-04 13:52:41+05:30
1115,37,English Bazar,2025-07-04 13:52:41+05:30
1116,37,Baharampur,2025-07-04 13:52:41+05:30
1117,37,Hugli-Chinsurah,2025-07-04 13:52:41+05:30
1118,37,Raiganj,2025-07-04 13:52:41+05:30
1119,37,Jalpaiguri,2025-07-04 13:52:41+05:30
1120,37,Santipur,2025-07-04 13:52:42+05:30
1121,37,Balurghat,2025-07-04 13:52:42+05:30
1122,37,Medinipur,2025-07-04 13:52:42+05:30
1123,37,Habra,2025-07-04 13:52:42+05:30
1124,37,Ranaghat,2025-07-04 13:52:42+05:30
1125,37,Bankura,2025-07-04 13:52:42+05:30
1126,37,Nabadwip,2025-07-04 13:52:42+05:30
1127,37,Darjiling,2025-07-04 13:52:42+05:30
1128,37,Purulia,2025-07-04 13:52:42+05:30
1129,37,Arambagh,2025-07-04 13:52:42+05:30
1130,37,Tamluk,2025-07-04 13:52:42+05:30
1131,37,AlipurdUrban Agglomerationr,2025-07-04 13:52:42+05:30
1132,37,Suri,2025-07-04 13:52:42+05:30
1133,37,Jhargram,2025-07-04 13:52:42+05:30
1134,37,Gangarampur,2025-07-04 13:52:42+05:30
1135,37,Rampurhat,2025-07-04 13:52:42+05:30
1136,37,Kalimpong,2025-07-04 13:52:42+05:30
1137,37,Sainthia,2025-07-04 13:52:42+05:30
1138,37,Taki,2025-07-04 13:52:42+05:30
1139,37,Murshidabad,2025-07-04 13:52:42+05:30
1140,37,Memari,2025-07-04 13:52:42+05:30
1141,37,Paschim Punropara,2025-07-04 13:52:42+05:30
1142,37,Tarakeswar,2025-07-04 13:52:42+05:30
1143,37,Sonamukhi,2025-07-04 13:52:42+05:30
1144,37,PandUrban Agglomeration,2025-07-04 13:52:42+05:30
1145,37,Mainaguri,2025-07-04 13:52:42+05:30
1146,37,Malda,2025-07-04 13:52:42+05:30
1147,37,Panchla,2025-07-04 13:52:42+05:30
1148,37,Raghunathpur,2025-07-04 13:52:42+05:30
1149,37,Mathabhanga,2025-07-04 13:52:42+05:30
1150,37,Monoharpur,2025-07-04 13:52:42+05:30
1151,37,Srirampore,2025-07-04 13:52:42+05:30
1152,37,Adra,2025-07-04 13:52:42+05:30
